<?xml version="1.0" encoding="UTF-8"?>
<project version="4">
  <component name="AutoImportSettings">
    <option name="autoReloadType" value="SELECTIVE" />
  </component>
  <component name="ChangeListManager">
    <list default="true" id="263247ba-1d55-40c2-bd97-d1a39c19f1b5" name="Changes" comment="" />
    <option name="SHOW_DIALOG" value="false" />
    <option name="HIGHLIGHT_CONFLICTS" value="true" />
    <option name="HIGHLIGHT_NON_ACTIVE_CHANGELIST" value="false" />
    <option name="LAST_RESOLUTION" value="IGNORE" />
  </component>
  <component name="ConsoleHistory">
    <option name="tabs">
      <list>
        <TabState>
          <option name="title" value="Console" />
          <tab>
            <model ref="880b9df3-811b-43bc-945b-c8119d9a8647/r:a8f0a261-db55-484a-8f6e-44d1d96af47d(TempModule880b9df3-811b-43bc-945b-c8119d9a8647/ConsoleModel_986316374459600)">
              <persistence version="9" />
              <languages>
                <devkit ref="70d3d6da-af63-483d-a75f-9c8acf8de332(jetbrains.mps.console.devkit)" />
              </languages>
              <imports />
              <registry>
                <language id="de1ad86d-6e50-4a02-b306-d4d17f64c375" name="jetbrains.mps.console.base">
                  <concept id="1583916890557930028" name="jetbrains.mps.console.base.structure.ConsoleRoot" flags="ng" index="aymSD">
                    <child id="1583916890557930415" name="history" index="aymYE" />
                    <child id="1583916890557930417" name="commandHolder" index="aymYO" />
                    <child id="9025248442620242919" name="cursor" index="1PhJh3" />
                  </concept>
                  <concept id="5758176878586720817" name="jetbrains.mps.console.base.structure.CommandHolderRef" flags="ng" index="2_V_lH">
                    <reference id="5758176878586720818" name="target" index="2_V_lI" />
                  </concept>
                  <concept id="351968380916615243" name="jetbrains.mps.console.base.structure.CommandHolder" flags="ng" index="2Clz$F" />
                  <concept id="757553790980850366" name="jetbrains.mps.console.base.structure.History" flags="ng" index="3balQm" />
                </language>
              </registry>
              <node concept="aymSD" id="10QuGuEgAGw">
                <node concept="3balQm" id="10QuGuEgAGx" role="aymYE" />
                <node concept="2Clz$F" id="10QuGuEgAGy" role="aymYO" />
                <node concept="2_V_lH" id="10QuGuEgAGz" role="1PhJh3">
                  <ref role="2_V_lI" node="10QuGuEgAGy" resolve="CommandHolder" />
                </node>
              </node>
            </model>
          </tab>
        </TabState>
      </list>
    </option>
  </component>
  <component name="DefaultSearchOptions3">
    <search_options>
      <finders>
        <finders />
      </finders>
      <scope>
        <scope_type scope_type="PROJECT" module="&lt;default&gt;" model="&lt;default&gt;" />
      </scope>
      <view>
        <flags show_one_result="true" new_tab="false" />
      </view>
    </search_options>
  </component>
  <component name="MPSBookmarkManager">
    <option name="myBookmarkInfos">
      <array>
        <BookmarkInfo />
        <BookmarkInfo />
        <BookmarkInfo />
        <BookmarkInfo />
        <BookmarkInfo />
        <BookmarkInfo />
        <BookmarkInfo />
        <BookmarkInfo />
        <BookmarkInfo />
        <BookmarkInfo />
      </array>
    </option>
  </component>
  <component name="MessagesViewTool">
    <option name="defaultListState">
      <MessageListState>
        <option name="autoscrollToSource" value="true" />
        <option name="info" value="true" />
        <option name="warnings" value="true" />
      </MessageListState>
    </option>
  </component>
  <component name="ProjectId" id="2GPFAoTwKHPxp4RaiM6aTqyjylF" />
  <component name="ProjectPluginManager">
    <option name="pluginsState">
      <option name="jetbrains.mps.ide.actions.Ide_ProjectPlugin">
        <value>
          <PluginState>
            <option name="myComponentsState">
              <list>
                <ComponentState>
                  <option name="first" value="jetbrains.mps.ide.actions.BehaviorDialogsPersistentOptions_PreferencesComponent" />
                  <params>
                    <option name="addReturnsOnImplement" value="false" />
                    <option name="sortAlphabetically" value="false" />
                    <option name="removeAttributes" value="true" />
                  </params>
                </ComponentState>
              </list>
            </option>
          </PluginState>
        </value>
      </option>
    </option>
  </component>
  <component name="ProjectView">
    <navigator currentView="ProjectPane" proportions="" version="1" />
    <panes>
      <pane id="FileSystem" />
      <pane id="ProjectPane">
        <subPane>
          <PATH>
            <PATH_ELEMENT>
              <option name="myItemId" value="Shapes" />
              <option name="myItemType" value="" />
            </PATH_ELEMENT>
            <PATH_ELEMENT>
              <option name="myItemId" value="1f53a240-c5c1-4834-bce8-4b97ab8ff62e(Shapes)" />
              <option name="myItemType" value="" />
            </PATH_ELEMENT>
            <PATH_ELEMENT>
              <option name="myItemId" value="r:3de86260-b738-4077-bf36-1558a038d7e2(Shapes.editor) in IdeaFile[path: C:/Users/Admin/MPSProjects/Shapes/languages/Shapes/models/Shapes.editor.mps]" />
              <option name="myItemType" value="" />
            </PATH_ELEMENT>
          </PATH>
          <PATH>
            <PATH_ELEMENT>
              <option name="myItemId" value="Shapes" />
              <option name="myItemType" value="" />
            </PATH_ELEMENT>
            <PATH_ELEMENT>
              <option name="myItemId" value="764dae36-b6bc-497c-9f22-c2c48a6ea03d" />
              <option name="myItemType" value="" />
            </PATH_ELEMENT>
          </PATH>
          <PATH>
            <PATH_ELEMENT>
              <option name="myItemId" value="Shapes" />
              <option name="myItemType" value="" />
            </PATH_ELEMENT>
            <PATH_ELEMENT>
              <option name="myItemId" value="1f53a240-c5c1-4834-bce8-4b97ab8ff62e(Shapes)" />
              <option name="myItemType" value="" />
            </PATH_ELEMENT>
            <PATH_ELEMENT>
              <option name="myItemId" value="Shapes.generator" />
              <option name="myItemType" value="" />
            </PATH_ELEMENT>
          </PATH>
          <PATH>
            <PATH_ELEMENT>
              <option name="myItemId" value="Shapes" />
              <option name="myItemType" value="" />
            </PATH_ELEMENT>
            <PATH_ELEMENT>
              <option name="myItemId" value="764dae36-b6bc-497c-9f22-c2c48a6ea03d" />
              <option name="myItemType" value="" />
            </PATH_ELEMENT>
            <PATH_ELEMENT>
              <option name="myItemId" value="Shapes" />
              <option name="myItemType" value="" />
            </PATH_ELEMENT>
          </PATH>
          <PATH>
            <PATH_ELEMENT>
              <option name="myItemId" value="Shapes" />
              <option name="myItemType" value="" />
            </PATH_ELEMENT>
            <PATH_ELEMENT>
              <option name="myItemId" value="1f53a240-c5c1-4834-bce8-4b97ab8ff62e(Shapes)" />
              <option name="myItemType" value="" />
            </PATH_ELEMENT>
            <PATH_ELEMENT>
              <option name="myItemId" value="accessories" />
              <option name="myItemType" value="" />
            </PATH_ELEMENT>
            <PATH_ELEMENT>
              <option name="myItemId" value="r:b405b1a2-4e43-4585-a27a-37427ebb284b(Shapes.colors) in IdeaFile[path: C:/Users/Admin/MPSProjects/Shapes/languages/Shapes/models/Shapes.colors.mps]" />
              <option name="myItemType" value="" />
            </PATH_ELEMENT>
          </PATH>
          <PATH>
            <PATH_ELEMENT>
              <option name="myItemId" value="Shapes" />
              <option name="myItemType" value="" />
            </PATH_ELEMENT>
            <PATH_ELEMENT>
              <option name="myItemId" value="764dae36-b6bc-497c-9f22-c2c48a6ea03d" />
              <option name="myItemType" value="" />
            </PATH_ELEMENT>
            <PATH_ELEMENT>
              <option name="myItemId" value="Shapes" />
              <option name="myItemType" value="" />
            </PATH_ELEMENT>
            <PATH_ELEMENT>
              <option name="myItemId" value="r:a561b040-7691-4dff-8c52-cbf3e7bb30b5(Shapes.sandbox) in IdeaFile[path: C:/Users/Admin/MPSProjects/Shapes/languages/Shapes/sandbox/models/Shapes.sandbox.mps]" />
              <option name="myItemType" value="" />
            </PATH_ELEMENT>
          </PATH>
          <PATH>
            <PATH_ELEMENT>
              <option name="myItemId" value="Shapes" />
              <option name="myItemType" value="" />
            </PATH_ELEMENT>
            <PATH_ELEMENT>
              <option name="myItemId" value="1f53a240-c5c1-4834-bce8-4b97ab8ff62e(Shapes)" />
              <option name="myItemType" value="" />
            </PATH_ELEMENT>
            <PATH_ELEMENT>
              <option name="myItemId" value="Shapes.generator" />
              <option name="myItemType" value="" />
            </PATH_ELEMENT>
            <PATH_ELEMENT>
              <option name="myItemId" value="Shapes" />
              <option name="myItemType" value="" />
            </PATH_ELEMENT>
            <PATH_ELEMENT>
              <option name="myItemId" value="r:02934b07-aefd-47b0-8fe7-40811d77f983(Shapes.generator.templates@generator) in IdeaFile[path: C:/Users/Admin/MPSProjects/Shapes/languages/Shapes/generator/templates/Shapes.generator.templates@generator.mps]" />
              <option name="myItemType" value="" />
            </PATH_ELEMENT>
            <PATH_ELEMENT>
              <option name="myItemId" value="1168256151319344059" />
              <option name="myItemType" value="" />
            </PATH_ELEMENT>
          </PATH>
          <PATH>
            <PATH_ELEMENT>
              <option name="myItemId" value="Shapes" />
              <option name="myItemType" value="" />
            </PATH_ELEMENT>
            <PATH_ELEMENT>
              <option name="myItemId" value="1f53a240-c5c1-4834-bce8-4b97ab8ff62e(Shapes)" />
              <option name="myItemType" value="" />
            </PATH_ELEMENT>
            <PATH_ELEMENT>
              <option name="myItemId" value="r:aa08b73d-b1a1-4ab4-be5a-f45e1cb7050f(Shapes.structure) in IdeaFile[path: C:/Users/Admin/MPSProjects/Shapes/languages/Shapes/models/Shapes.structure.mps]" />
              <option name="myItemType" value="" />
            </PATH_ELEMENT>
          </PATH>
          <PATH>
            <PATH_ELEMENT>
              <option name="myItemId" value="Shapes" />
              <option name="myItemType" value="" />
            </PATH_ELEMENT>
          </PATH>
          <PATH>
            <PATH_ELEMENT>
              <option name="myItemId" value="Shapes" />
              <option name="myItemType" value="" />
            </PATH_ELEMENT>
            <PATH_ELEMENT>
              <option name="myItemId" value="1f53a240-c5c1-4834-bce8-4b97ab8ff62e(Shapes)" />
              <option name="myItemType" value="" />
            </PATH_ELEMENT>
            <PATH_ELEMENT>
              <option name="myItemId" value="Shapes.generator" />
              <option name="myItemType" value="" />
            </PATH_ELEMENT>
            <PATH_ELEMENT>
              <option name="myItemId" value="Shapes" />
              <option name="myItemType" value="" />
            </PATH_ELEMENT>
          </PATH>
          <PATH>
            <PATH_ELEMENT>
              <option name="myItemId" value="Shapes" />
              <option name="myItemType" value="" />
            </PATH_ELEMENT>
            <PATH_ELEMENT>
              <option name="myItemId" value="1f53a240-c5c1-4834-bce8-4b97ab8ff62e(Shapes)" />
              <option name="myItemType" value="" />
            </PATH_ELEMENT>
          </PATH>
          <PATH>
            <PATH_ELEMENT>
              <option name="myItemId" value="Shapes" />
              <option name="myItemType" value="" />
            </PATH_ELEMENT>
            <PATH_ELEMENT>
              <option name="myItemId" value="1f53a240-c5c1-4834-bce8-4b97ab8ff62e(Shapes)" />
              <option name="myItemType" value="" />
            </PATH_ELEMENT>
            <PATH_ELEMENT>
              <option name="myItemId" value="Shapes.generator" />
              <option name="myItemType" value="" />
            </PATH_ELEMENT>
            <PATH_ELEMENT>
              <option name="myItemId" value="Shapes" />
              <option name="myItemType" value="" />
            </PATH_ELEMENT>
            <PATH_ELEMENT>
              <option name="myItemId" value="r:02934b07-aefd-47b0-8fe7-40811d77f983(Shapes.generator.templates@generator) in IdeaFile[path: C:/Users/Admin/MPSProjects/Shapes/languages/Shapes/generator/templates/Shapes.generator.templates@generator.mps]" />
              <option name="myItemType" value="" />
            </PATH_ELEMENT>
            <PATH_ELEMENT>
              <option name="myItemId" value="1168256151319992768" />
              <option name="myItemType" value="" />
            </PATH_ELEMENT>
          </PATH>
          <PATH>
            <PATH_ELEMENT>
              <option name="myItemId" value="Shapes" />
              <option name="myItemType" value="" />
            </PATH_ELEMENT>
            <PATH_ELEMENT>
              <option name="myItemId" value="1f53a240-c5c1-4834-bce8-4b97ab8ff62e(Shapes)" />
              <option name="myItemType" value="" />
            </PATH_ELEMENT>
            <PATH_ELEMENT>
              <option name="myItemId" value="accessories" />
              <option name="myItemType" value="" />
            </PATH_ELEMENT>
          </PATH>
          <PATH>
            <PATH_ELEMENT>
              <option name="myItemId" value="Shapes" />
              <option name="myItemType" value="" />
            </PATH_ELEMENT>
            <PATH_ELEMENT>
              <option name="myItemId" value="1f53a240-c5c1-4834-bce8-4b97ab8ff62e(Shapes)" />
              <option name="myItemType" value="" />
            </PATH_ELEMENT>
            <PATH_ELEMENT>
              <option name="myItemId" value="Shapes.generator" />
              <option name="myItemType" value="" />
            </PATH_ELEMENT>
            <PATH_ELEMENT>
              <option name="myItemId" value="Shapes" />
              <option name="myItemType" value="" />
            </PATH_ELEMENT>
            <PATH_ELEMENT>
              <option name="myItemId" value="r:02934b07-aefd-47b0-8fe7-40811d77f983(Shapes.generator.templates@generator) in IdeaFile[path: C:/Users/Admin/MPSProjects/Shapes/languages/Shapes/generator/templates/Shapes.generator.templates@generator.mps]" />
              <option name="myItemType" value="" />
            </PATH_ELEMENT>
          </PATH>
          <SELECTED>
            <PATH_ELEMENT>
              <option name="myItemId" value="Shapes" />
              <option name="myItemType" value="" />
            </PATH_ELEMENT>
            <PATH_ELEMENT>
              <option name="myItemId" value="1f53a240-c5c1-4834-bce8-4b97ab8ff62e(Shapes)" />
              <option name="myItemType" value="" />
            </PATH_ELEMENT>
            <PATH_ELEMENT>
              <option name="myItemId" value="Shapes.generator" />
              <option name="myItemType" value="" />
            </PATH_ELEMENT>
            <PATH_ELEMENT>
              <option name="myItemId" value="Shapes" />
              <option name="myItemType" value="" />
            </PATH_ELEMENT>
            <PATH_ELEMENT>
              <option name="myItemId" value="r:02934b07-aefd-47b0-8fe7-40811d77f983(Shapes.generator.templates@generator) in IdeaFile[path: C:/Users/Admin/MPSProjects/Shapes/languages/Shapes/generator/templates/Shapes.generator.templates@generator.mps]" />
              <option name="myItemType" value="" />
            </PATH_ELEMENT>
            <PATH_ELEMENT>
              <option name="myItemId" value="1168256151319992768" />
              <option name="myItemType" value="" />
            </PATH_ELEMENT>
          </SELECTED>
        </subPane>
      </pane>
      <pane id="Scope" />
    </panes>
  </component>
  <component name="ProjectViewState">
    <option name="hideEmptyMiddlePackages" value="true" />
    <option name="showLibraryContents" value="true" />
  </component>
  <component name="PropertiesComponent">
    <property name="RunOnceActivity.OpenProjectViewOnStart" value="true" />
    <property name="RunOnceActivity.ShowReadmeOnStart" value="true" />
  </component>
  <component name="RunManager" selected="Java Application.Node MyDrawing">
    <configuration name="Tests in 'Shapes.sandbox'" type="JUnit Tests" factoryName="JUnit Tests">
      <myJUnitSettings>
        <MyState>
          <option name="myModelRef" />
          <option name="myModuleRef" value="764dae36-b6bc-497c-9f22-c2c48a6ea03d(Shapes.sandbox)" />
          <option name="myInProcess" value="true" />
          <option name="myReuseCaches" value="true" />
          <option name="myOverrideCachesLocation" value="false" />
          <option name="myDebug" value="false" />
          <option name="myCachesPath" value="C:\Users\Admin\AppData\Roaming\JetBrains\MPSJUnitRC0" />
          <option name="myTestCases">
            <list />
          </option>
          <option name="myTestMethods">
            <list />
          </option>
          <option name="myRunType" value="1" />
          <option name="myRunType2InProcess">
            <InProcessFlagPerScope>
              <option name="runType2InProcessFlag">
                <map>
                  <entry key="0" value="true" />
                  <entry key="1" value="true" />
                  <entry key="2" value="true" />
                  <entry key="3" value="true" />
                  <entry key="4" value="true" />
                </map>
              </option>
            </InProcessFlagPerScope>
          </option>
        </MyState>
      </myJUnitSettings>
      <myJavaRunParameters>
        <MyState>
          <option name="myJavaParameters">
            <JavaRunParameters>
              <option name="jrePath" value="" />
              <option name="programParameters" value="" />
              <option name="useAlternativeJre" value="false" />
              <option name="vmOptions" value="-ea" />
              <option name="workingDirectory" value="C:\Program Files\JetBrains\MPS 2021.3" />
            </JavaRunParameters>
          </option>
        </MyState>
      </myJavaRunParameters>
      <myDeploySettings>
        <MyState>
          <option name="myPluginsToDeploy">
            <list />
          </option>
        </MyState>
      </myDeploySettings>
      <method v="2">
        <option name="jetbrains.mps.execution.configurations.pluginSolution.plugin.MakeNodePointers_BeforeTask" enabled="true" />
        <option name="jetbrains.mps.execution.configurations.implementation.plugin.plugin.AssemblePluginsBeforeTask_BeforeTask" enabled="true" />
      </method>
    </configuration>
    <configuration name="Node MyDrawing" type="Java Application" factoryName="Java" temporary="true">
      <myNode>
        <MyState>
          <option name="myNodePointer" value="r:a561b040-7691-4dff-8c52-cbf3e7bb30b5(Shapes.sandbox)/1168256151319231680" />
          <option name="myNodeText" value="Shapes.sandbox.MyDrawing" />
        </MyState>
      </myNode>
      <myRunParameters>
        <MyState>
          <option name="myJavaParameters">
            <JavaRunParameters>
              <option name="jrePath" />
              <option name="programParameters" />
              <option name="useAlternativeJre" value="false" />
              <option name="vmOptions" />
              <option name="workingDirectory" value="C:\Program Files\JetBrains\MPS 2021.3" />
            </JavaRunParameters>
          </option>
        </MyState>
      </myRunParameters>
      <method v="2">
        <option name="jetbrains.mps.execution.configurations.pluginSolution.plugin.MakeNodePointers_BeforeTask" enabled="true" />
      </method>
    </configuration>
    <recent_temporary>
      <list>
        <item itemvalue="Java Application.Node MyDrawing" />
      </list>
    </recent_temporary>
  </component>
  <component name="SpellCheckerSettings" RuntimeDictionaries="0" Folders="0" CustomDictionaries="0" DefaultDictionary="application-level" UseSingleDictionary="true" transferred="true" />
  <component name="TaskManager">
    <task active="true" id="Default" summary="Default task">
      <changelist id="263247ba-1d55-40c2-bd97-d1a39c19f1b5" name="Changes" comment="" />
      <created>1666282171134</created>
      <option name="number" value="Default" />
      <option name="presentableId" value="Default" />
      <updated>1666282171134</updated>
    </task>
    <servers />
  </component>
  <component name="UsagesViewTool">
    <version id="1" />
    <tabs />
    <default_view_options>
      <options category_option="false" module_option="true" model_option="true" root_option="true" path_option="false" count_option="true" info_option="true" view_searched_nodes_option="true" group_searched_nodes_option="true" autoscroll_option="false" />
    </default_view_options>
  </component>
</project>